[
  {
    "Id": 1,
    "Firstname": "Noam",
    "Surname": "Chomsky",
    "PhotoPath": "/Photo/Chomsky.jpg"
  },
  {
    "Id": 2,
    "Firstname": "surname",
    "Surname": "xx",
    "PhotoPath": "/Photo/ForUpdate.jpg"
  },
  {
    "Id": 3,
    "Firstname": "NoJpg",
    "Surname": "NoJpg",
    "PhotoPath": "/Photo/NoJpg.jpg"
  },
  {
    "Id": 4,
    "Firstname": "surname",
    "Surname": "qqqq",
    "PhotoPath": "/Photo/Chomsky.jpg"
  },
  {
    "Id": 5,
    "Firstname": "surname",
    "Surname": "Chomskyd",
    "PhotoPath": "/Photo/Chomsky.jpg"
  },
  {
    "Id": 6,
    "Firstname": "surname",
    "Surname": "Chomskydss",
    "PhotoPath": "/Photo/Codd.jpg"
  },
  {
    "Id": 7,
    "Firstname": "surname",
    "Surname": "Chomskydddss",
    "PhotoPath": "Photo/Codd.jpg"
  },
  {
    "Id": 8,
    "Firstname": "qq",
    "Surname": "www",
    "PhotoPath": "/Photo/Codd.jpg"
  }
]